nombreCliente,numeroIdentificacion,direccion,telefono,correoElectronico
Angel Daniel,149186547,"USNS Davis
FPO AP 78518",3102234306,rmiller@hotmail.com
Matthew Wilson,475925688,"42023 Barrett Path Suite 281
Jeremyborough, OH 72889",3217277090,matthew15@hotmail.com
Jennifer Phelps,112231541,"392 Smith Corners Apt. 737
East Angeltown, MO 64086",3086782305,echristian@hotmail.com
Jonathan Cook,708283326,"657 Landry Way Suite 966
Robinsonfurt, CA 22461",3056134838,zjones@yahoo.com
Lindsay Garcia,959234562,"906 Justin Locks Apt. 838
Port Timothyview, AR 68865",3047574430,juliamatthews@gmail.com
Eric Klein,243553915,"0571 Carroll Cliffs
Davisstad, WI 00721",3129196362,acostajoshua@hotmail.com
Ashley Adams,700549855,"660 Marcus Camp Suite 262
Port Stevenmouth, NC 10819",3054261062,elambert@gmail.com
Meghan Nguyen,724330039,"259 Jared Manor
Brownville, AZ 52844",3084549109,hhughes@yahoo.com
Ryan Richards,643387222,"695 Francis Cliffs
Port Bryantown, VT 33873",3004470370,phillipcarter@hotmail.com
Janice Alexander,215716832,"81268 Hamilton Fort
Fitzgeraldfort, ID 71489",3222402422,matthew55@gmail.com
Katherine Dunn,926515765,"837 Schneider Spur Suite 656
Darrellmouth, WI 33323",3209000761,golson@hotmail.es
Brett Odom,724488250,"952 Barbara Turnpike
Jacquelinebury, MO 71346",3177095854,colemanjames@gmail.com
Jenna Scott,265881315,"Unit 1694 Box 1865
DPO AE 26667",3228564508,rogerseric@hotmail.com
Andrew Johns,401149568,"62457 Booth Mews Apt. 453
Lake Vincentport, DE 49208",3000004515,lorinelson@hotmail.com
Christine Curtis,778029406,"2480 Jesse Unions Suite 534
East Antonioshire, MS 71510",3228469885,christopherferguson@hotmail.es
Madison Jones,307805784,"USNS Ferguson
FPO AP 50263",3113221838,wattsdavid@gmail.com
Tracy Simmons,484837788,"76775 Jennifer Orchard Apt. 758
Port Lance, NH 53890",3183987462,bryan30@gmail.com
Shelby Wolf,962795476,"613 Billy Radial Suite 171
South Benjamin, WY 15230",3074013967,daniel46@gmail.com
Kyle Jackson,965030358,"24896 Helen Rapid Suite 758
New Joseph, MN 97017",3026884153,pwheeler@yahoo.com
Linda Shepard,644042817,"4947 Reynolds Islands
Kathleenburgh, DE 96988",3124307892,munozcharles@yahoo.com
Kathleen Brady,689720635,"Unit 6453 Box 5308
DPO AA 48049",3089972862,victoria31@gmail.com
Bobby Luna,800125157,"2923 Michael Fords Suite 316
Dustinton, IN 31032",3080484791,kathryn43@hotmail.com
Richard Lopez,268619593,"6875 Hill Forks
Teresaland, AL 58910",3175905560,justinallen@hotmail.es
Ralph Bush,625774276,"03975 Mills Square Apt. 322
Port Claudia, MI 34792",3060289730,bradleyamy@gmail.com
David Webb,569906245,"3613 Laura Ridges Suite 762
South Theresa, VA 98493",3136038366,stevenrodriguez@gmail.com
Kim Russell,328037408,"887 Kelley Walk Apt. 960
East Martha, CT 59649",3182150058,cindy11@gmail.com
Michael Holt,969677194,"3499 David Lake Suite 745
South Dylan, AK 03041",3120213065,rmiller@gmail.com
Mr. Justin Cook,796337665,"Unit 9907 Box 4757
DPO AE 46640",3182055435,ofritz@gmail.com
Timothy Wood,636808209,"836 Bates Points
Port Andrewshire, GA 83721",3194593219,christina78@yahoo.com
Yolanda Hines,975617669,"812 Mccarthy Viaduct Apt. 376
Kristinamouth, AL 43563",3197003950,cscott@hotmail.com
Jasmine Kelly,569390187,"697 Reynolds Dam Apt. 423
Jacobland, MO 89387",3026857783,fitzgeraldelizabeth@yahoo.com
Robert Smith,325459789,"Unit 2774 Box 4368
DPO AE 01041",3210469706,smithtimothy@yahoo.com
Jonathan Smith,325603096,"322 Smith Pines Suite 052
Lake Scotthaven, NM 11543",3077975857,debragriffin@hotmail.com
Erin Marshall,819212515,"04382 Edward Mountains Suite 369
Georgeberg, ME 94518",3171261834,sethsmith@gmail.com
Mark Ford,444056964,"07900 Friedman Ferry Suite 170
South Christina, WV 53142",3033987926,millerricardo@hotmail.com
Cynthia Lee,717643055,"368 Jones Estates Apt. 059
Jonesstad, NY 59968",3150589306,christinaflores@outlook.org
Sean Hood,301227734,"7426 Middleton Hill Suite 303
Millerview, CO 23232",3013957695,cynthiaevans@gmail.com
Kim Stephens,622536043,"12967 Ryan Shoals Apt. 994
Port Jesse, MO 86007",3110722112,karen28@gmail.com
Adam Mckinney,747822485,"572 Tammy Forest
Youngside, SD 92567",3033356612,fwilliams@outlook.org
Valerie Brown,857630459,"2739 Hood Rest Apt. 962
Johnburgh, UT 27169",3094610792,qmcgee@gmail.com
Jason Pace,204909440,"19964 Edwards Pines
South Jeremystad, AZ 79080",3135723400,tjohnson@yahoo.com
Gregory Anderson,241114561,"5395 Brandon Freeway Apt. 858
North Melissa, OR 60184",3148178769,julie98@gmail.com
Rebecca Avila,494808313,"78969 Mcguire Springs Suite 562
Port Christopher, NJ 29478",3155781635,pwilson@hotmail.com
Morgan Leon,315164793,"853 Virginia Cape Suite 757
Wilsonport, SC 89614",3010668913,miranda94@yahoo.com
Fernando Hunt,505327194,"9609 Conner Track Apt. 859
Kristenberg, MD 40765",3003365244,abigailkelly@hotmai.es
Jason Luna,892962448,"204 Laura Hill
Craigland, OK 08760",3164083572,rodriguezrhonda@yahoo.com
Gregory Howell,394523505,"036 Tyler Groves Suite 302
Danielsfurt, WV 45483",3049044645,david12@gmail.com
Miguel Sharp MD,763963140,"47921 Johnson Expressway Suite 742
Oliviaport, PA 16931",3125370188,sgeorge@gmail.com
Stephanie Acosta,594590875,"7067 Henderson Knoll
Joshuashire, NJ 84213",3129208297,joshuahenderson@hotmail.com
Julia Davis,258325283,"0246 Brown Roads Suite 606
North Luisburgh, WI 38462",3159496348,barkerbrent@gmail.com
Amy Woods,978665863,"247 Sheila Centers
North Troybury, WA 43836",3196747412,paul38@yahoo.com
Julie Dunn,799871462,"758 Ruth Mall
Briggstown, MA 48538",3119464324,melissawebb@gmail.com
Nicole Mcdonald,520620439,"7229 Michelle Forges Suite 411
Hardyview, VT 06858",3186075467,frederickmarshall@gmail.com
Jennifer Mendoza,260613460,"11916 Katherine Creek
Kathleenport, ND 68479",3135358176,susanchapman@gmail.com
Rachel Fisher,511962082,"38507 Newman Loop Suite 268
Tommyberg, UT 25108",3004204072,bgarcia@gmail.com
Jorge Thomas,527088924,"013 Tabitha Cliff
Stevenmouth, NJ 04089",3032987547,jason19@yahoo.com
Robert Hicks,181982363,"1639 Delacruz Park
East Linda, DC 18242",3194336878,powelllarry@hotmail.com
Terry Watson,87147005,"0047 Lori Square
East Josechester, KS 29146",3192225345,kaiserwilliam@hotmail.com
Carlos Wood,623072602,"53828 Laura Spurs
Lauraville, DE 53316",3010015571,hillwilliam@hotmail.com
Richard Weiss,729577216,"316 Robert Dam
North Christina, MA 15552",3062061133,carla37@gmail.com
Sarah Clark,696739719,"04967 Nguyen Circle Suite 871
Lake Andrea, NY 87021",3079038150,wsanchez@gmail.com
Briana Wu,520971718,"534 Campbell View
Sandersland, FL 59798",3088068398,rachelsmith@gmail.com
Raven Jordan,785949232,"6132 Spencer Corner Apt. 383
Lake Loriberg, MA 96874",3117614711,rayalexa@yahoo.com
Angelica Gibbs,519768710,"68574 Coleman Villages Suite 522
North Erikaton, CA 83413",3042761830,yarnold@hotmail.com
Tammy Jacobs,642717853,"57458 Collier Junctions Suite 288
Lake Nicholas, CT 00530",3094230485,scottroger@gmail.com
Michael Evans,357901640,"921 Ramirez Mount
New Anthonyville, ND 52047",3139661016,steven80@yahoo.com
Tony Pham,830210363,"Unit 3715 Box 5620
DPO AA 18266",3094135861,kendrapena@yahoo.com
Miss Carrie Underwood,696962875,"USNV Morris
FPO AA 49085",3187789622,amy45@hotmail.com
Ryan Russell,896950954,"70003 Tiffany Drives
Robertchester, IA 05998",3109084376,michael78@gmail.com
Kimberly Bennett,196811583,"70851 Daniel Station Apt. 975
Hernandezton, IL 77476",3207353366,smithmichelle@gmail.com
Joshua Neal,893866597,"1324 William Glens
New Jenniferland, IL 16679",3145728479,wheelerbrandon@hotmail.com
Robert Rodriguez,291010345,"9483 Patricia Greens Suite 612
West Daniel, CT 37484",3198875672,steven70@gmail.com
Blake Ford,915064128,"933 Casey Court Apt. 193
Lake Douglas, AL 33325",3015729098,wrightsally@hotmail.com
Chad Garcia,114269121,"195 Rollins Land Suite 478
North Angelastad, IN 84674",3176150764,john27@gmail.com
Autumn Webb,174039328,"198 Frazier Branch Suite 399
South Sharon, AR 75490",3041571533,davidreed@hotmail.com
Elizabeth Singleton,565067343,"87020 Horton Valleys
Rodriguezfurt, WV 03348",3007905676,jeffreyhahn@hotmail.com
Sarah Thompson,333387701,"Unit 0218 Box 2805
DPO AA 08015",3001704342,williamchavez@yahoo.com
Sarah Martin,355405632,"5963 Strong Points
Lake Kayla, SC 51830",3047816035,earllee@gmail.com
Pamela Herrera,715854726,"3416 Gregory Rapids Suite 629
North Nicolehaven, IL 93329",3038008132,cardenasthomas@yahoo.com
Shannon Horn,708960117,"USNS Buchanan
FPO AA 82885",3151184388,brian88@yahoo.com
Christopher Edwards,626043010,"32230 Jeffery Via Apt. 616
West Tanya, WA 77567",3090916793,pmcclain@gmail.com
Brandon Hester,326481119,"0169 Summers Vista
West Stuart, UT 98685",3114425717,huertatracie@yahoo.com
Mariah Jackson,599800533,"558 Bryan Isle
New Raymond, AL 55316",3003710491,eperry@hotmail.com
Carol Lawson,492953650,"747 Miller Point
Georgeton, UT 90920",3043498688,joneskelsey@hotmail.com
Heather Collins,573712035,"7878 Nelson Stravenue
New Jacob, NE 62801",3225397624,thomashansen@hotmail.com
Joshua Delgado,561037506,"741 Morgan Underpass
South Sheila, IL 16740",3148773858,greenbrandon@gmail.com
Jerry Greene,867865303,"60823 Lauren Wall Apt. 074
New Kellyside, MI 21097",3181409693,jay56@hotmail.com
Connor Wagner,355813998,"506 Brandy Rapid
Dawsonberg, RI 42470",3046912873,haley03@hotmail.com
Marcia Randolph,118434130,"327 Roberts Neck
Gonzalezshire, WA 18952",3135758297,huntrussell@yahoocom
John Price,779362405,"PSC 5622, Box 3709
APO AA 38900",3066476625,daniel62@gmail.com
Bill Hopkins,499561637,"54675 Matthew Key
Torresstad, ME 64087",3180778379,briannaweeks@gmail.com
Ryan Harrison,179287266,"66252 Trevor Harbor Apt. 887
Lake Ambertown, TN 81820",3012691878,carrie64@hotmail.com
Donald Young,667230218,"223 Dawson Mall Suite 571
Smithburgh, MS 75952",3104852353,stanleyhall@hotmail.com
Louis Gilbert,311310607,"530 Brown Corner
Thompsontown, WV 70738",3211207758,pgreene@hotmail.com
Marcus Martin,319413369,"PSC 6227, Box 1600
APO AP 14578",3072544088,jamesjenkins@gmail.com
Sharon Ingram,861461933,"132 Vargas Turnpike
Danielbury, DE 40715",3084999457,seanbishop@yahoo.com
Kyle Martinez,616604256,"USS Greene
FPO AA 26511",3227166657,haleronald@gmail.com
Elizabeth Rodriguez,603449840,"3551 Rodriguez Port Apt. 808
Lake Charles, WI 24322",3178983174,kathyrodriguez@gmail.com
Christopher Gomez,917844640,"875 Jennifer Oval Suite 067
West Phillipmouth, IL 91337",3102276992,marcus34@hotmail.com
Brian Morton,843106189,"431 Rodriguez Estate Suite 894
New Christopherview, TN 74616",3199700728,garnold@gmail.com